# Partition table for the Matter Thread Thermostat (8 MB flash, OTA A/B).
# Name,       Type, SubType,  Offset,   Size,   Flags
nvs,          data, nvs,      0x9000,   0x6000,
otadata,      data, ota,      0xf000,   0x2000,
phy_init,     data, phy,      0x11000,  0x1000,
nvs_keys,     data, nvs_keys, 0x12000,  0x1000,  encrypted
fctry,        data, nvs,      0x13000,  0x6000,
ota_0,        app,  ota_0,    0x20000,  0x3D0000,
ota_1,        app,  ota_1,    ,         0x3D0000,
# 'fctry' holds factory-provisioned Matter attestation (DAC/PAI) + setup payload.
# 'nvs_keys' supports NVS encryption (recommended for production credentials).
